,,,,,,,,,,,,,,,,,,,,,,
"序號
 Number","拼音
 Pinyin","題名
 Title","冊
 Volume","著者/編者
 Author/Editor","出版時間
 Chinese era name","出版時間（西曆）
 Year","出版時間（回曆）
 Hijri Year","語言
 Language","出版城市
 City","出版人·機構
 Publisher","館藏
 Library","索書號
 Call Numbers","索書號（OPAC）
 Call Numbers","清眞大典
 Qingzhen Dadian","版本（Q）
 Edition","回族典藏全書
 Huizu Diancang Quanshu","版本（H）
 Edition",是否被提要言及,"紐約公共圖書館
 New York Public Library","版本
 Edition","東洋文庫
 Tōyō Bunko","版本
 Edition"
1,Ai Le Wo Shiluekao Shi （Guanyin Lishi）,哎嘞沃史略考詩 別名：觀音歷史,1冊（？）,馬之望 著,民國8年,1919.12,？,CH,北京,萬全書局,天理大學圖書館東館書庫5F,H169.5//515,H169.5//515,無,無,無,無,否,,,,
2,Bian Li Ming Zheng Yulu,辨理明正語錄,1冊（？）,清 馬聯元；周鄉李 校,光緒25年,？,？,？,滇省,廣濟堂,天理大學,169.5//335,無OPAC信息,有 第18冊,同,有 第34冊,同,/,,,,
3,Chaojin Tuji,朝覲途記,1冊（？）,清 馬復初； 馬安禮 譯,咸豐11年跋,？,？,CH,？,？,天理大學,169.5//241,無OPAC信息,有 第20冊,現代鉛印本,有 第223冊,清木刻本,是？,,,,
4,Che Ha Lei Fa Su,車哈雷法速,1冊（？）,？,民國17年,？,？,？,北京,清眞書報社,天理大學,169.5//427,無OPAC信息,有類似 扯哈雷凡速 第15冊,同大阪大學 舊分類：/130/66,無？車哈雷凡速 類似？第53冊,民國二十一年北平牛街清真書報社,？,,,,
5,Che Ha Lei Fan Su,扯哈雷凡速,1冊,？,民國10年3月,1921.3,1339,？,北京,北京牛街清眞書報社,大阪大學,舊分類：/130/66,無OPAC信息,有 第15冊,同,無？車哈雷凡速 類似？第53冊,民國二十一年北平牛街清真書報社,？,,,,
6,Che Ha Lei Fan Su,扯哈雷凡速,1冊,？,民國12年,？,？,？,北京,清眞書報社,天理大學,169.5//385,無OPAC信息,有 第15冊,同大阪大學 舊分類：/130/66,無？車哈雷凡速 類似？第53冊,民國二十一年北平牛街清真書報社,？,,,,
7,Da Hua Zong Gui,大化總歸,1冊（？）,清 馬復初 原註 楊德元 馬宏道 校閱,民國12年,1923.1,？,CH,北京,清眞書報社,天理大學圖書館書庫,169.5//69,169.5//69,合印 四典要會大化總歸合印 有 第17冊,民國十二年清眞書報社重刊本,有 第31冊,民國11年？（1922年）與《四典要會》合刊鉛印,？,,,,
8,Da Hua Zong Gui,大化總歸 上下,？,清 馬復初 清 馬開科 共著,同治12年,？,？,？,錦江,沙福春,天理大學,169.5//69(2),無OPAC信息,合印 四典要會大化總歸合印 有 第17冊,民國十二年清眞書報社重刊本,有 第31冊,民國11年？（1922年）與《四典要會》合刊鉛印,？,,,,
9,Da Hua Zong Gui Si Dian Yao Hui,大化總歸2卷 坿四典要會4卷,1冊,馬開科 撰 馬徳新 校訂併撰,民國12年,1923,？,CH,北京,清眞書報社,龍谷大學大宮·西黌B2閉架,369.5/BAF,369.5/BAF,有 第17冊,同,有 第31冊,民國11年？（1922年）與《四典要會》合刊鉛印,？,,,,
10,Da Hua Zong Gui Si Dian Yao Hui Heyin,大化總歸四典要會 合印,1冊,清 馬復初 原註 楊德元 馬宏道 校閱,民國12年,1905.7,？,CH,北京,清眞書報社,天理大學圖書館書庫,169.5//37,169.5//37,有 第17冊,同,有 第31冊,民國11年？（1922年）與《四典要會》合刊鉛印,？,,,,
11,Da Hua Zong Gui Si Dian Yao Hui Heyin,大化總歸四典要會 合印,1冊,清 馬復初 原註 楊德元 馬宏道 校閱,民國12年,1905.7,？,CH,北京,清眞書報社,天理大學圖書館書庫,169.5//37(2),169.5//37(2),有 第17冊,同,有 第31冊,民國11年？（1922年）與《四典要會》合刊鉛印,？,,,,
12,Datong Yuanli,大同元理,1冊（？）,李衡 譯,？,1927,？,CH,北京,清眞書報社,天理大學圖書館東館書庫5F,H169.5//71(2),H169.5//71(2),有 第18冊,民國六年北京清真書報社刊印本,有 第57冊,同,/,,,,
13,Datong Yuanli,大同元理？ 大同原理？,1冊（？）,李衡 譯,民國16年,1927,？,？,北京,清眞書報社,天理大學圖書館東館書庫5F,H169.5//71,H169.5//71,有 第18冊,民國六年北京清真書報社刊印本,有 第57冊,同,/,,,,
14,E Shen Er Ting？,额慎㖇𠷥,2冊,咋密尊者,民國19年,？,？,？,導河,馬福祥,天理大學,169.5//379,無OPAC信息,無,無,無,無,否,,,,
15,Er Le Bi Chunqiu （Tianfang Chunqiu）,爾勒璧春秋 外題 天方春秋,1冊（？）,清 劉智 馬復初 訂,？,？,？,？,？,？,天理大學,169.5//387,無OPAC信息,無,無,無,無,否,,,,
16,Gulanjing Yi Jie,古蘭經譯解,1冊,王文清 譯,民國21年,1932,？,CH,北京,中國回教俱進會本部,天理大學圖書館書庫,169.5//185,169.5//185,有 第8冊,同,有 第4～5冊,同,/,,,,
17,Guizhen Yaodao Yiyi,歸眞要道譯義,卷首+四卷4冊,元代回賢 二卜頓撈吸額補白克爾，念一齋藏版,光緒17年序,1893,？,？,？,？,大阪大學,舊分類：/130/82,無OPAC信息,有 第16冊,民國念一齋藏版排印本 伍遵契譯註,有 第29～30冊,同,/,,,,
18,Guizhen Yaodao Yiyi,歸眞要道譯義？ 歸眞要道釋義？,4冊,波斯 二卜頓撈吸額補白克爾 著 清 伍遵契 註 清 蔣春華 增註,光緒17年,1981,？,CH,南京,念一齋蔣氏,天理大學圖書館東館書庫5F,H169.5//249,H169.5//249,有 第16冊,民國念一齋藏版排印本 伍遵契譯註,有 第29～30冊,同,/,,,,
19,Guizhen Zongyi,歸眞總義,1冊,？,光緒34年→民國11年,1908→1922 20版,？,？,？,？,大阪大學,舊分類：/130/75,無OPAC信息,有 第16冊,清光緒四年寶真堂藏版重刊本,有 第12冊,光緒4年（1878年）寶眞堂藏木刻本；民國12？年（1923年）馬福祥鉛印本,？,,,,
20,Guizhen Zongyi,歸眞總義,1冊（？）,印度 阿世格口授 明 張時中紀錄,民國11年,1922.3,？,CH,北京,清眞書報社,天理大學圖書館書庫,169.5//73(2),169.5//73(2),有 第16冊,清光緒四年寶真堂藏版重刊本,有 第12冊,光緒4年（1878年）寶眞堂藏木刻本；民國12？年（1923年）馬福祥鉛印本,？,,,,
21,Guizhen Zongyi,歸眞總義,1冊（？）,印度 阿世格口授 明 張時中紀錄,民國11年,1922.3,？,CH,北京,清眞書報社,天理大學圖書館書庫,169.5//73,169.5//73,有 第16冊,清光緒四年寶真堂藏版重刊本,有 第12冊,光緒4年（1878年）寶眞堂藏木刻本；民國12？年（1923年）馬福祥鉛印本,？,,,,
22,He Tie Yi Yin,亥帖譯音,1冊（？）,清 楊敬修 譯訂,民國8年,1919,？,CH,上海,秀眞精舍,天理大學圖書館東館書庫5F,H169.5//381,H169.5//381,有 第7冊,同,有 第49冊,同,/,,,,
23,He Tie Zhujie,亥帖註解,1冊（？）,清 楊敬修 註解,民國10年,1921,？,CH,上海,秀眞精舍,天理大學圖書館書庫,169.5//245,169.5//245,無,無,有 第49冊,同,/,,,,
24,Hanyi Daoxing Jiujing,漢譯道行究竟,1冊（？）,清 馬復初譯；馬如龍（刻本？）,同治9年,？,？,？,？,？,天理大學,169.5//21,無OPAC信息,有 第17冊,同,有 第31冊,光緒二十七年間敬畏堂木刻本,是,,,,
25,Hanyi Daoxing Jiujing,漢譯道行究竟,1冊（？）,清 馬復初譯；馬如龍（刻本？）,同治10年,？,？,？,？,？,天理大學,169.5//22(2),無OPAC信息,有 第17冊,同天理大學169.5//21,有 第31冊,光緒二十七年間敬畏堂木刻本,否,,,,
26,Hanyi Er Mu Dai,漢譯耳木代,1冊,？,民國10年,？,？,CH,北京,清眞書報社,大阪大學,舊分類：/130/78,無OPAC信息,有 第15冊,民國十年北京清眞書報社鉛印本 馬奎鱗參訂,無,無,否,,,,
27,Hanyi Er Mu Dai,漢譯耳木代,1冊（？）,眞經公司校訂,民國10年,1927.6,？,CH,天津,眞經公司,天理大學圖書館東館書庫5F,H169.5//23,H169.5//23,有 第15冊,民國十年北京清眞書報社鉛印本 馬奎鱗參訂,無,無,否,,,,
28,Hanyi Er Mu Dai,漢譯耳木代,1冊（？）,？,民國15年序,1926.1序,？,CH,北平,清眞書報社,天理大學圖書館書庫,169.5//23(2),169.5//23(2),有 第15冊,民國十年北京清眞書報社鉛印本 馬奎鱗參訂,無,無,否,,,,
29,Hanyi Gulanjing,漢譯古蘭經,8冊,姬覺彌 譯 總纂,民國20年,1931,？,CH,上海,愛儷園廣倉學宭,天理大學圖書館東館書庫5F,H169.5//195,H169.5//195,有 第7冊,同,無,無,否,,,,
30,Hanyi Libai Zhen Gui,漢譯禮拜箴規,1冊,？,光緒15年,？,？,CH,？,？,大阪大學,舊分類：/130/98,無OPAC信息,無,無,無,無,否,,,,
31,Hanyi Libai Zhen Gui,漢譯禮拜箴規,1冊（？）,清 王潤堂,光緒15年,？,？,？,？,？,天理大學,169.5//317,無OPAC信息,無,無,無,無,否,,,,
32,Heping De Zongjiao,和平的宗教,1冊（？）,穆罕默德阿黎 原著 追求學會 譯述,民國19年,1930.1,？,CH,北平,清眞書報社,天理大學圖書館書庫,169.5//253(2),169.5//253(2),有 第23冊,民國二十九年清真書報社刊本,無,無,否,,,,
33,He Te Yin Yi,赫忒音義,1冊（？）,楊竹坪 著,民國11年序,1922序,？,CH；AR,？,？,天理大學圖書館東館書庫5F,H169.5//313,H169.5//313,無,無,有 第48冊,民國十四年（1925年）河南衛輝府北門里清真寺明德學堂刊石刻本,否,,,,
34,He Ting,赫廳,1冊,清 馬晉錫 識,同治13序,1874 序,？,？,？,？,大阪大學外國圖1層書庫漢籍,舊分類：/130/162,Q130||162,無,無,無,無,否,,,,
35,Heilongjiang Qingzhen Awen Zhongxuexiao Zhangcheng,黑龍江清眞阿文中學校章程（謄寫版）,1冊（？）,？,？,？,？,？,？,？,天理大學,169.5//311,無OPAC信息,無,無,無,無,否,,,,
36,Heilongjiang Qingzhen Dongshihui Zhangcheng,黑龍江清眞董事會章程,1冊（？）,？,？,？,？,CH,？,？,天理大學圖書館東館書庫5F,H169.5//307,H169.5//307,無,無,無,無,否,,,,
37,Huanyu Shu Yao,寰宇述要,1冊（？）,清 劉智 馬復初 共著？ 清 復初 著？,民國8年,1919,？,？,北京,萬全書局,天理大學圖書館東館書庫5F,H169.5//35,H169.5//35,無,無,有 第223冊,清木刻本同治壬戌年（1862年）仲夏月,否,,,,
38,Hui Ye Bian Zhen,囘耶辨眞,1冊,賴哈麥圖拉 原註；王靜齋 翻譯; 張子文等 校閱,？,1922.7,？,？,北京,清眞書報社,大阪大學外國圖1層書庫漢籍,舊分類：/130/73,Q130||73,無,無,有 第46冊,1912年12月北京清眞書報社鉛印本,否,,,,
39,Hui Han Fenbie Xuanyan Lue,回漢分別宣言略,1冊（？）,望純理 著,？,？,？,CH,北平,清眞書報社,天理大學圖書館東館書庫5F,H169.5//339,H169.5//339,無,無,有 第44册,民國年間北京牛街清眞書報社石印本,？,,,,
40,Huihui Tongkao Lu,回回通考錄,1冊（？）,清 曙東 譯？ 清 王景生 撰？,民國16年,1927,？,CH,北京,清眞書報社,天理大學圖書館東館書庫5F,H169.5//15,H169.5//15,無,無,有 第37冊,咸豐戊午年（1858年）木刻本,否,,,,
41,Huihui Tongkao Lu,回回通考錄,1冊（？）,清 王景生 撰,民國16年,1927,？,CH,北京,清眞書報社,天理大學圖書館東館書庫5F,H169.5//15(2),H169.5//15(2),無,無,有 第37冊,咸豐戊午年（1858年）木刻本,否,,,,
42,Huihui Yuanlai,回回原來,1冊,？,民國8年,？,1337,？,？,？,大阪大學,舊分類：/130/72,無OPAC信息,有 第24冊,清光緒二十年抄本 不著撰者,有 第63冊,清石印本；清手抄本,否,,,,
43,Huihui Yuanlai,回回原來,1冊（？）,？,民國16年,1927.2,？,CH,北京,清眞書報社,天理大學圖書館東館書庫5F,H169.5//17,H169.5//17,有 第24冊,清光緒二十年抄本 不著撰者,有 第63冊,清石印本；清手抄本,否,,,,
44,Huijiao Bian Zhen,回教辨眞,1冊,？,民國8年,？,？,CH,？,？,大阪大學,舊分類：/130/77,無OPAC信息,無,無,無,無,否,,,,
45,Huijiao Bian Zhen,回教辨眞,1冊（？）,范懷唐？許友義？,民國13年,1924,？,CH,北京,清眞書報社,天理大學圖書館東館書庫5F,H169.5//327,H169.5//327,無,無,無,無,否,,,,
46,Huijiao Jiaoyushi,回教教育史,1冊（？）,Khalil A. Totah 著 馬堅 譯 伊斯蘭文化學會 編輯,民國30年,1941.4,？,CH,長沙,商務印書館,天理大學圖書館書庫,169.5//173,169.5//173,有 第24冊,民國二十九年商務印書館刊本,有 第145冊,民國三十五年十二月再版 商務印書館,是,,,,
47,Huijiao Jiaoyushi,回教教育史,1冊（？）,Khalil A. Totah 著 馬堅 譯 伊斯蘭文化學會 編輯,民國30年,1941.4,？,CH,長沙,商務印書館,天理大學圖書館書庫,169.5//173(2),169.5//173(2),有 第24冊,民國二十九年商務印書館刊本,有 第145冊,民國三十五年十二月再版 商務印書館,是,,,,
48,Huijiao Kao,回教攷,1冊（？）,白銘庵,？,？,？,？,？,？,天理大學,169.5//325,無OPAC信息,有 第24冊,清宣統元年西安大石林印局刊印本,有 第37冊,清木刻本；民國石印本 滇省榆城復初氏馬德新敘 洪憲元年二月重印,？,,,,
49,Huijiao Kao Hui Tianzhujiao Shi Yi Shi Bu Jie Shu,回教攷 坿毀天主教十疑十不解書,1冊,賁隅白銘庵 撰 馬德新撰坿,民國5年,1916,？,CH,北京,牛街萬全堂重石印本,龍谷大學大宮·西黌B1,369.5/52-W,369.5/52-W,回教攷有 第24冊,回教攷清宣統元年西安大石林印局刊印本,有 第37冊,清木刻本；民國石印本 滇省榆城復初氏馬德新敘 洪憲元年二月重印,否,,,,
50,Huijiao Kao Ju Li Zhi Zheng,回教攷 據理質證,1冊（？）合訂本,白銘庵 藁 馬德新敘,民國11年,1922,？,CH,北京,清眞書報社,天理大學圖書館書庫,169.5//349,169.5//349,回教攷有 第24冊；據理質證有 第18冊 ,回教攷清宣統元年西安大石林印局刊印本；據理質證民國十三年北京光明印書局刊印本,有 第37冊,清木刻本；民國石印本 滇省榆城復初氏馬德新敘 洪憲元年二月重印,是,,,,
51,Huijiao Ren Li Meng Yin Jiaokeshu Tianfang Meng Yin Ge,回教認禮蒙引教科書 合訂：清 馬復初 天方蒙引歌 光緒9年,1冊（？）,清 馬啓榮,民國1年（元年）,？,？,？,潤州,城內古寺,天理大學,169.5//221,無OPAC信息,天方蒙引歌有 第17冊,天方蒙引歌 清光緒九年鎮江清真寺版重刊本,無,無,否,,,,
52,Huijiao Zangli Bian,回教葬禮辨,1冊（？）,白銘庵 合訂 南陽居士 異聞說,？,？,？,？,？,？,天理大學,169.5//281,無OPAC信息,無,無,無,無,否,,,,
53,Huijiao Zhenxiang,回教眞相,1冊（？）,愛勒吉斯爾 馬堅譯,民國27年,1938.1,？,CH,長沙 上海,商務印書館,天理大學圖書館書庫,169.5//175(2),169.5//175(3),無,無,無,無,否,,,,
54,Huijiao Zhenxiang,回教眞相,1冊（？）,愛勒吉斯爾 馬堅譯,民國27年,1938.1,？,CH,長沙 上海,商務印書館,天理大學圖書館書庫,169.5//175,169.5//176,無,無,無,無,否,,,,
55,Hui Ye Bian Zhen,回耶辨眞,1冊（？）,賴哈麥圖拉 著；民國 王文清 譯,民國11年,？,？,？,北京,清眞書報社,天理大學,169.5//57,無OPAC信息,無,無,有 第46冊,1912年北平清眞書報社,否,,,,
56,Huihui Yuanlai,囬囬原來,1冊（？）,？,民國19年,1930,？,CH,北平,清眞書報社,天理大學圖書館東館書庫5F,H169.5//17(2),H169.5//17(2),無,無,有 第63冊,清手抄本；清時刻本,否,,,,
57,Xu Tianfang Sanzijing,續天方三字經,1冊（？）,？,民國17年,1928,？,CH,北京,清眞書報社,天理大學圖書館書庫,169.5//283,169.5//283,無,無,有 第35冊,咸豐年間合刊本；仿古排印本,是,,,,
58,Jiaodian Zhaiyao,教典摘要,1冊（？）,張德純 譯著,康德2年,1935.12,？,CH,奉天,文化清眞寺,天理大學圖書館書庫,169.5//353,169.5//353,無,無,無,無,否,,,,
59,Jiaodian Zhaiyao,教典摘要,1冊（？）,張德純 譯著,？,1935.12,？,CH,奉天,文化清眞寺,天理大學圖書館書庫,169.5//353(2),169.5//353(2),無,無,無,無,否,,,,
60,Jiaokuan Jieyao,教欵捷要,1冊,？,同治13年,？,？,？,？,？,大阪大學,舊分類：/130/90,無OPAC信息,有 第15冊,清同治六年粵東清真寺重刻本 馬伯良撰,有 第37冊,民國石刻本,否,,,,
61,Jiaokuan Jieyao,教欵捷要,1冊,？,？,？,？,？,？,？,大阪大學,舊分類：/130/163,無OPAC信息,有 第15冊,清同治六年粵東清真寺重刻本 馬伯良撰,有 第37冊,民國石刻本,？,,,,
62,Jiaokuan Jieyao,教欵捷要,1冊（？）,清 馬伯良 著 王秉衡 劉景田 重校,民國7年·,1919,？,CH,天津,眞經公司,天理大學圖書館東館書庫5F,民國石刻本,H169.5//25,有 第15冊,清同治六年粵東清真寺重刻本 馬伯良撰,有 第37冊,民國石刻本,否,,,,
63,Jiaokuan Jieyao,教欵捷要,1冊（？）,清 馬伯良,同治6年,？,？,？,？,？,天理大學,H169.5//25(2),無OPAC信息,有 第15冊,清同治六年粵東清真寺重刻本 馬伯良撰,有 第37冊,民國石刻本,否,,,,
64,Jiao Xin Jingzhu,教心經註,1冊,清 楊敬修 譯著 馬駿 批校,民國13序,1924序,？,CH,？,？,天理大學圖書館東館書庫5F,H169.5//27,H169.5//27,無,無,有 第49冊,民國鉛印本,是,,,,
65,Jiao Xin Jingzhu,教心經註,1冊,清 楊敬修 譯著 馬駿 批校,民國13序,1924序,？,CH,？,？,天理大學圖書館東館書庫5F,H169.5//27(2),H169.5//27(2),無,無,有 第49冊,民國鉛印本,是,,,,
66,Jing Han Zhujie He Ting,經漢註解赫廳,1冊（？）,清 余昭文,光緒12年,？,？,？,蓉城,蓉城昭文海亭,天理大學,169.5//323(2),無OPAC信息,無,無,無,無,否,,,,
67,Jing Han Zhujie He Ting,經漢註解赫廳,1冊（？）,清 余昭文,光緒13年,？,？,？,蓉城,蓉城昭文海亭,天理大學,169.5//323,無OPAC信息,無,無,無,無,否,,,,
68,Juli Ming Yuan,聚禮明源,1冊,？,？,？,？,？,？,？,大阪大學,舊分類：/130/161,無OPAC信息,無,無,無,無,否,,,,
69,Jue Shi Xing Mi Lu,覺世省迷錄,1冊（？）,模喃必哈咍,民國16年,？,？,？,北京,清眞書報社,天理大學,169.5//389,無OPAC信息,無,無,無,無,否,,,,
70,Kelan Hanyi Fuzhuan,可蘭漢譯附傳？ 可蘭眞經漢譯附傳？,1冊（？）,劉錦標 編譯,民國32年,1943.2,？,CH,北京,北京第一賓館文記,天理大學圖書館書庫,169.5//155,169.5//155,有 第12冊,劉錦標譯解 民國三十二年北京新民印書局鉛印本 同？,有 第7～8冊,劉錦標 編譯 民國31年序 民國鉛印本,？,,,,
71,Kelan Hanyi Fuzhuan,可蘭漢譯附傳？ 可蘭眞經漢譯附傳？,1冊（？）,劉錦標 編譯,民國32年,1943.2,？,CH,北京,北京第一賓館文記,天理大學圖書館書庫,169.5//155(2),169.5//155(2),有 第12冊,劉錦標譯解 民國三十二年北京新民印書局鉛印本 同？,有 第7～8冊,劉錦標 編譯 民國31年序 民國鉛印本,？,,,,
72,Kelanjing,可蘭經,1冊（？）,鐵錚 譯,民國16年,1927.12,？,CH,北京,中華印書局,天理大學圖書館書庫,169.5//193,169.5//193,有 第7冊,同,無,無,否,,,,
73,Kelanjing Xuanben Yijianzhu,克蘭經選本譯箋註,1冊（？）,劉錦標 譯兼箋註,？,？,？,CH；AR,奉天,奉天南滿站清眞寺,天理大學圖書館書庫,169.5//239,169.5//239,書名類似 古蘭經選本譯箋註  第13冊,劉錦標譯編 民國二十九年奉天文化清真寺鉛印本,克蘭眞經漢譯（？）第7～8冊,劉錦標 編譯 民國31年序 民國鉛印本,？,,,,
74,Kelanshengjing Bian Yan,克蘭聖經弁言,1冊（？）,穆罕默德阿里 著 尹恕仁 譯 友努斯來博阿罕默德摩希甸 訂,民國14年序,1925.12序,？,CH,？,？,天理大學圖書館書庫,169.5//269,169.5//269,無,無,無,無,否,,,,
75,Lifa Qi Ai,禮法啓愛,1冊,？,光緒25年,？,？,CH,成都,？,大阪大學,舊分類：/130/81,無OPAC信息,合編 真德彌維禮法啟愛合編 第15冊,清光緒二十五年成都敬畏堂刻本 馬復初輯 馬安禮譯,無,無,否,,,,
76,Lifa Qi Ai,禮法啓愛,1冊（？）,清 馬復初；馬安禮 譯,同治1年（元年）,？,？,？,？,？,天理大學,169.5//251,無OPAC信息,合編 真德彌維禮法啟愛合編 第15冊,清光緒二十五年成都敬畏堂刻本 馬復初輯 馬安禮譯,無,無,否,,,,
77,Lifa Wenda,禮法問答,1冊（？）,馬玉龍 原註,民國14年,1925.3,？,CH,北京,清眞書報社,天理大學圖書館東館書庫5F,H169.5//297,H169.5//297,有 第15冊,民國二十三年北京清眞書報社鉛印本 馬玉龍撰,有 第55冊,1934年北平牛街清真書報社鉛印本,否,,,,
78,Lifa Wenda,禮法問答,1冊（？）,馬玉龍 著,？,1922.6,？,CH,北京,清眞書報社,天理大學圖書館書庫,169.5//449,169.5//449,有 第15冊,民國二十三年北京清眞書報社鉛印本 馬玉龍撰,有 第55冊,1934年北平牛街清真書報社鉛印本,否,,,,
79,Mu Han Mo De,穆罕默德,1冊（？）,穆罕默德阿黎 原著 追求學會 譯述,民國20年,1931.4,？,CH,北平,清眞書報社,天理大學圖書館書庫,169.5//411,169.5//411,無,無,無,無,否,,,,
80,Mumin Jiao Nv Ge,穆民教女歌,1冊（？）,？,民国19年,1930.1,？,CH,北京,清眞書報社,天理大學圖書館東館書庫5F,H169.5//219,H169.5//219,無,無,無,無,否,,,,
81,Mu Xin Ma Tai,穆信嗎台,1冊（？）,？,民國16年,1927.4,？,CH；AR,北京,清眞書報社,天理大學圖書館東館書庫5F,H169.5//321,H169.5//321,有類似 穆信瑪提 第15冊,民國十九年北平成達師範民眾教育會刊本 馬毓貴 王國華 韓宏魁 譯,有 第56冊,民國十三年（1924年）天津真經公司石印本,否,,,,
82,Mu Xin Ma Tai,穆信嗎台,1冊（？）,？,民國17年,1927.4,？,CH；AR,北京,清眞書報社,天理大學圖書館東館書庫5F,H169.5//321(2),H169.5//321(2),有類似 穆信瑪提 第15冊,民國十九年北平成達師範民眾教育會刊本 馬毓貴 王國華 韓宏魁 譯,有 第56冊,民國十三年（1924年）天津真經公司石印本,否,,,,
83,Pu Pi Bai Tiao,普批百條,1冊（？）,一介生 校注,民國16年,1927,？,CH,北京,清眞書報社,天理大學圖書館東館書庫5F,H169.5//375,H169.5//375,無,無,有 第45册,同,/,,,,
84,Qi Kong Xianqiao,七空仙橋,1冊（？）,？,民國16年,1927.1,？,CH,北京,清眞書報社,天理大學圖書館東館書庫5F,H169.5//383,H169.5//383,無,無,有 第37冊,民國十三年（1924年）北京牛街清眞書報社印本,否,,,,
85,Qingzhen Daxue,清眞大學,1冊,王岱舆 著,民國10年,1921,？,CH,北京,清眞書報社,天理大學圖書館東館書庫5F,H169.5//79,H169.5//79,無,無,有 第14冊,清 清眞堂木刻本,北平清眞報社石刻本？,,,,
86,Qingzhen Daxue Qimeng Yaolue,清眞大學 啓蒙要略,1冊,？,民國10年,？,？,CH,北京,牛街,大阪大學,舊分類：/130/95,無OPAC信息,有 第16冊,清道光五年清真堂版重刊本 王岱輿撰,有 第14冊,清 清眞堂木刻本,北平清眞報社石刻本？,,,,
87,Qingzhen Jiaodian Ge,清眞教典歌,1冊,？,？,？,？,CH,？,？,大阪大學,舊分類：/130/83,無OPAC信息,無,無,無,無,否,,,,
88,Qingzhenjiao Kao,清眞教考,1冊（？）,(西湖) 孫可庵 著,民國10年,1921,？,CH,北京,清眞書報社,天理大學圖書館東館書庫5F,H169.5//77(3),H169.5//77(3),無,無,有 第110冊,清康熙五十九年（1720年）木刻本；同,/,,,,
89,Qingzhenjiao Kao,清眞教考,1冊（？）,(西湖) 孫可庵 著,民國10年,1921,？,CH,北京,清眞書報社,天理大學圖書館東館書庫5F,H169.5//77(4),H169.5//77(4),無,無,有 第110冊,清康熙五十九年（1720年）木刻本；同,/,,,,
90,Qingzhenjiao Kao,清眞教考,1冊（？）,(西湖) 孫可庵 著,民國10年,1921,？,CH,北京,清眞書報社,天理大學圖書館東館書庫5F,H169.5//77(2),H169.5//77(2),無,無,有 第110冊,清康熙五十九年（1720年）木刻本；同,/,,,,
91,Qingzhenjiao Kao,清眞教考,1冊（？）,(西湖) 孫可庵 著,民國10年,1921,？,CH,北京,清眞書報社,天理大學圖書館東館書庫5F,H169.5//77,H169.5//77,無,無,有 第110冊,清康熙五十九年（1720年）木刻本；同,/,,,,
92,Qingzhenjiao Kao,清眞教考？攷？,1冊,？,民國10年,？,？,？,北京,牛街,大阪大學,舊分類：/130/93,無OPAC信息,無,無,有 第110冊,清康熙五十九年（1720年）木刻本；同,/,,,,
93,Qingzhenjiao Tianguo Dijin Shuo,清眞教天國地禁說,1冊,？,？,？,？,？,？,？,大阪大學,舊分類：/130/87,無OPAC信息,無,無,無,無,否,,,,
94,Qingzhenjiao Wugong Zhaijie,清眞教五功齋戒,1冊,？,民國11年,？,？,CH,南京,？,大阪大學,舊分類：/130/85,無OPAC信息,無,無,無,無,否,,,,
95,Qingzhenjiao Yinshi Pian,清眞教飲食篇,1冊,？,民國11年,？,？,CH,南京,？,大阪大學,舊分類：/130/86,無OPAC信息,無,無,無,無,否,,,,
96,Qingzhenjiao Zhi Yanjiu,清眞教之研究,1冊（？）,罕直克馬倫定原著 張炳鎮 初譯 馬鎮邦 重譯 友努斯來博阿罕默德摩希甸 編,民國15年序,1926.7序,？,CH,？,？,天理大學圖書館書庫,169.5//351,169.5//351,有 第18冊,民國十五年上海中國回教學會印行本,有 第56冊,同,/,,,,
97,Qingzhen Jie Yi,清眞解義,1冊（？）,何麗堂 著,？,1903,？,CH,北京,京華印書局,天理大學圖書館東館書庫5F,H169.5//299,H169.5//299,有 第18冊,同,有 第41冊,同,/,,,,
98,Qingzhen Mengyin Ge,清眞蒙引歌,1冊,？,民國17年,1928.4,？,CH,北京,清眞書報社,天理大學圖書館書庫,169.5//259,169.5//259,無,無,無,無,否,,,,
99,Qingzhen Muyu Libai Jiaokeshu,清眞沐浴·禮拜教科書,1冊（合訂本）,張鴻韜 撰,民國15年,1926,？,CH,北京,清眞書報社,龍谷大學大宮·西黌B1禁帶,358/7-W,358/7-W,無,無,有 第58冊,北京清真書報社石印本；北京清真書報社鉛印本；北京宣外牛街民國十一年（1922年）印本,？,,,,
100,Qingzhen Nuzi Muyu Libai Jiaokeshu,清眞女子沐浴禮拜教科書,1冊（？）,張文熙 註 燕北居士 校,民國23年,1934.7,？,CH,北平,清眞書報社,天理大學圖書館書庫,169.5//279,169.5//279,無,無,有 第58冊,北京清真書報社石印本；北京清真書報社鉛印本；北京宣外牛街民國十一年（1922年）印本,？,,,,
101,Qingzhen Nuzi Muyu Libai Jiaokeshu,清眞女子沐浴禮拜教科書,1冊（？）,張文熙 註 燕北居士 校,民國24年,1934.7,？,CH,北平,清眞書報社,天理大學圖書館書庫,169.5//505,169.5//505,無,無,有 第58冊,北京清真書報社石印本；北京清真書報社鉛印本；北京宣外牛街民國十一年（1922年）印本,？,,,,
102,Qingzhen Nuzi Sizijing/Nuzi Sizijing？,清眞女子四字經？ 女子四字經？,1冊（？）,龍澤周 著,民國13年,1924,？,CH,？,寶真堂,天理大學圖書館東館書庫5F,H169.5//199,H169.5//199,無,無,無,無,否,,,,
103,Qingzhen Shi yi,清眞釋疑,1冊,？,民國10年,？,？,CH,北京,牛街,大阪大學,舊分類：/130/97,無OPAC信息,有 第18冊,清光緒二年鎮江清真寺版重印本,有 第36冊,光緒二十七年（1901年）木刻本,否,,,,
104,Qingzhen Shi Yi,清眞釋疑,1冊,清 金天柱,民國18年,1929.3,？,CH,北平,清眞書報社,天理大學圖書館東館書庫5F,H169.5//13,H169.5//13,有 第18冊,清光緒二年鎮江清真寺版重印本,有 第36冊,光緒二十七年（1901年）木刻本,否,,,,
105,Qingzhen Shi Yi,清眞釋疑,1冊,清 金天柱,？,1929.3,？,CH,北平,清眞書報社,天理大學圖書館東館書庫5F,H169.5//13(2),H169.5//13(2),有 第18冊,清光緒二年鎮江清真寺版重印本,有 第36冊,光緒二十七年（1901年）木刻本,否,,,,
106,Qingzhen Shi Yi Buji,清眞釋疑補輯,1冊（？）,清 金天柱,？,？,？,？,？,？,天理大學,169.5//65(2),無OPAC信息,有 第18冊,清光緒十一年成都清真寺版重刊本,有 第36冊,光緒辛酉年（1885年）成都刻本,否,,,,
107,Qingzhen Shi Yi Buji,清眞釋疑補輯,1冊,？,光緒辛巳？光緒七年？,1881,？,CH,？,？,大阪大學,舊分類：/130/69,無OPAC信息,有 第18冊,清光緒十一年成都清真寺版重刊本,有 第36冊,光緒辛酉年（1885年）成都刻本,否,,,,
108,Qingzhen Shi Yi Buji,清眞釋疑補輯,1冊（？）,清 金天柱,光緒7年,？,？,？,？,？,天理大學,169.5//65,無OPAC信息,有 第18冊,清光緒十一年成都清真寺版重刊本,有 第36冊,光緒辛酉年（1885年）成都刻本,否,,,,
109,Qingzhen Tongsu Ge,清眞通俗歌,1冊（？）,望純理 著,？,？,？,CH,北平,清眞書報社,天理大學圖書館東館書庫5F,H169.5//257,H169.5//257,有 第17冊,民國十三年北平清真書報社刊印本,有 第37冊,民國石印本 北平牛街清眞寺刊行,否,,,,
110,Qingzhen Xueli Yizhu,清眞學理譯著,1冊,？,民國11年,？,？,CH,南京,？,大阪大學,舊分類：/130/84,無OPAC信息,有 第18冊,民國六年北京伊斯蘭教務討論會印行,有 第43册,民國鉛印本 洪憲元年？ 北平富華印刷所排版,否,,,,
111,Qingzhen Yaoyi,清眞要義,1冊,？,？,？,？,CH,？,？,大阪大學,舊分類：/130/80,無OPAC信息,有 第18冊,民國十一年鉛印本,有 第44冊,1922年增訂鉛印本,？,,,,
112,Qingzhen Yizhi lu,清眞易知錄,1冊（？）,李向亭,民國8年,1919,？,CH,燕湖,清眞寺,天理大學圖書館東館書庫5F,H169.5//399,H169.5//399,無,無,有 第38冊,同,/,,,,
113,Qingzhen Yulu,清眞語錄,？,清 馬退山 著,民國16年,1927.2,？,CH,北京,清眞書報社,天理大學圖書館東館書庫5F,H169.5//223,H169.5//223,無,無,有 第35冊,同,/,,,,
114,Qingzhen Zhaiyao,清眞摘要,1冊,？,民國18年,1929.4,？,CH；AR,天津,眞經公司,天理大學圖書館東館書庫5F,H169.5//11,H169.5//11,無,無,無,無,否,,,,
115,Qingzhen Zhinan,清眞指南,10冊,馬注 撰,同治8年,1869 1870,？,CH,粵東省城,濠畔街清眞寺,龍谷大學大宮·西黌B1,369.5/53-W/,369.5/53-W/,有 第16冊,清同治九年廣州濠畔街清真寺重刻本 馬注撰,有 第16～18冊,清同治九？年（1870年）,？,,,,
116,Qingzhen Zhinan,清眞指南,9冊,清 馬注,？,？,？,？,北京,清眞書報社,天理大學,169.5//237(2),無OPAC信息,有 第16冊,清同治九年廣州濠畔街清真寺重刻本 馬注撰,有 第16～18冊,清同治九？年（1870年）,？,,,,
117,Qingzhen Zhinan,清眞指南,9冊,清 馬注,同治8年序,？,？,？,？,？,天理大學,169.5//237,無OPAC信息,有 第16冊,清同治九年廣州濠畔街清真寺重刻本 馬注撰,有 第16～18冊,清同治九？年（1870年）,？,,,,
118,Qingzhen Zhoukan Vol.1 No.1 Tianjing Yijie,清眞週刊 第1卷第1號 合訂 天經文譯解 李廷相 譯,1冊（？）,清真週刊社,民國10年,1921.1,？,CH,北京,清眞書報社發行部,天理大學圖書館東館書庫5F,H169.5//9,H169.5//9,無,無,無,無,否,,,,
119,Rendao Tiandao Huibian,人道天道彙編 初版？ 2版？,1冊（？）,劉錦標 著,？,1938.5,？,CH,北京,增利印刷局,天理大學圖書館書庫,169.5//355,169.5//355,有 第23冊,民國二十八年鉛印本,有 第141冊,1939年重刊 增利印刷局,？,,,,
120,Ren Ji Xing Yu Chongkan,認己醒語 重刊,1冊（？）,清 馬明龍,民國8年,？,？,？,潤州,楊德誠,天理大學,169.5//289,無OPAC信息,無,無,有 第48冊,民國7年（1918年）鎮江大寺清眞學校刊印 木刻本,？,,,,
121,Shengxun Sishi Zhang,聖訓四十章,1冊（？）,馬玉龍 譯編,民國16年,1927.4,？,CH,北京,清眞書報社,天理大學圖書館東館書庫5F,H169.5//329,H169.5//329,無,無,無,無,否,,,,
122,Shengyu Xiangjie,聖諭詳解,2冊,李廷相 譯著,民國12年,1923,？,CH,天津,光明書社,天理大學圖書館書庫,169.5//217,169.5//217,有 第14冊,同,有 第11冊,同,/,,,,
123,Shengzanshi Lue,聖讚詩略,1冊（？）,清 馬永年,民國16年,1927.1,？,CH,北京,清眞書報社,天理大學圖書館東館書庫5F,H169.5//215,H169.5//215,無,無,有 第45册,同,/,,,,
124,Shi Deng Fusheng,十等復生,1冊（？）,馬玉龍 述,民國16年,1927.1,？,CH,北京,清眞書報社,天理大學圖書館東館書庫5F,H169.5//373,H169.5//373,無,無,無,無,否,,,,
125,Shilu Baoxun,實錄寶訓,1冊（？）,清 馬復初,咸豐8年,？,？,？,？,？,天理大學,169.5//303,無OPAC信息,無,無,無,無,否,,,,
126,Shijie Huijiao Shilue,世界回教史略,1冊（？）,水子立 編 丁静菴 訂,民國19年,1923.8,？,CH,北平,清眞書報社,天理大學圖書館書庫,,169.5//405,無,無,有 第137冊,民國十九年（1930年）北平牛街清眞書報社發行,是,,,,
127,Si Dian Yaohui,四典要會,1冊,清 馬復初,？,1878,？,CH,？,劉景元,天理大學圖書館書庫,169.5//49(2),169.5//49(2),合印 四典要會大化總歸合印 有 第17冊,民國十二年清眞書報社重刊本,有 第32冊,咸豐九年（1859年）木刻本,否,,,,
128,Si Dian Yaohui,四典要會,1冊,馬復初 原註；楊德元 馬宏道 校閱,？,1905.7,？,CH,北京,清眞書報社,天理大學圖書館書庫,169.5//49(3),169.5//49(3),合印 四典要會大化總歸合印 有 第17冊,民國十二年清眞書報社重刊本,有 第32冊,咸豐九年（1859年）木刻本,否,,,,
129,Si Dian Yaohui,四典要會,1冊,馬復初 原註；楊德元 馬宏道 校閱,？,1905.7,？,CH,北京,清眞書報社,天理大學圖書館書庫,169.5//49,169.5//49,合印 四典要會大化總歸合印 有 第17冊,民國十二年清眞書報社重刊本,有 第32冊,咸豐九年（1859年）木刻本,否,,,,
130,Si Dian Yaohui,四典要會,4冊,清 馬復初,同治2年,？,？,？,？,敬信堂,天理大學,169.5//265,無OPAC信息,合印 四典要會大化總歸合印 有 第17冊,民國十二年清眞書報社重刊本,有 第32冊,咸豐九年（1859年）木刻本,否,,,,
131,Si Dian Yaohui,四典要會,1冊（？）,清 馬復初,同治2年,？,？,？,星沙,清眞寺,天理大學,169.5//49(4),無OPAC信息,合印 四典要會大化總歸合印 有 第17冊,民國十二年清眞書報社重刊本,有 第32冊,咸豐九年（1859年）木刻本,否,,,,
132,Si Jiao Yaokuo,四教要括,1冊,？,宣統1年（元年）,？,？,,天津,？,大阪大學,舊分類：/130/91,無OPAC信息,有 第18冊,同？ 宣統元年天津秀眞精舍刊本,有 第49冊,宣統元年（1909年）天津秀珍精社初版木刻本？,？,,,,
133,Si Jiao Yaokuo,四教要括,1冊（？）,清 揚敬修,宣統1年（元年）,？,？,？,？,？,天理大學圖書館書庫,169.5//203,無OPAC信息,有 第18冊,同？ 宣統元年天津秀眞精舍刊本,有 第49冊,宣統元年（1909年）天津秀珍精社初版木刻本？,？,,,,
134,Si Pian Yaodao,四篇要道,1冊,劉介廉 原註； 楊德元，馬宏道 校閱,民國12年,1923 1905.7,？,CH,北京,清眞書報社,大阪大學外國圖1層書庫漢籍,舊分類：/130/74,Q130||74,類似 四篇要道譯解 第16冊,清同治十一年錦城王占超重刻本 張時中譯解,有 第12冊,同治年間刻本 錦城王氏占超重製,1905是 1923否,,,,
135,Si Pian Yaodao,四篇要道,1冊,明 張時中,民國12年,1905.7,？,CH,北京,清眞書報社,天理大學圖書館書庫,169.5//51,169.5//51,類似 四篇要道譯解 第16冊,清同治十一年錦城王占超重刻本 張時中譯解,有 第12冊,同治年間刻本 錦城王氏占超重製,是,,,,
136,Si Pian Yaodao,四篇要道,1冊,劉介廉 原註； 楊德元，馬宏道 校閱,？,1905.7,？,CH,北京,清眞書報社,天理大學圖書館書庫,169.5//51(2),169.5//51(2),類似 四篇要道譯解 第16冊,清同治十一年錦城王占超重刻本 張時中譯解,有 第12冊,同治年間刻本 錦城王氏占超重製,是,,,,
137,Si Pian Yaodao,四篇要道,1冊,劉介廉 原註； 楊德元，馬宏道 校閱,？,1905.7,？,CH,北京,清眞書報社,天理大學圖書館書庫,169.5//51(4),169.5//51(4),類似 四篇要道譯解 第16冊,清同治十一年錦城王占超重刻本 張時中譯解,有 第12冊,同治年間刻本 錦城王氏占超重製,是,,,,
138,Si Pian Yaodao,四篇要道,1冊,劉介廉 原註； 楊德元，馬宏道 校閱,？,1905.7,？,CH,北京,清眞書報社,天理大學圖書館書庫,169.5//51(3),169.5//51(3),類似 四篇要道譯解 第16冊,清同治十一年錦城王占超重刻本 張時中譯解,有 第12冊,同治年間刻本 錦城王氏占超重製,是,,,,
139,Suolei Shi Yi,瑣𡀂釋義,1冊（？）,？,民國17年,？,？,？,北平,清眞書報社,天理大學,169.5//295,無OPAC信息,無,無,有 第45册,同,/,,,,
140,Tianfang Dianli（Dianli Benjing，Tianfang Lijing）,天方典禮 別題：典禮本經、天方禮經,1冊（？）,清 劉智,？,？,？,？,？,？,天理大學,169.5//397,無OPAC信息,無,無,有 第20冊,乾隆5年（1740年）重刊木刻本,？,,,,
141,Tianfang Dianli,天方典禮 再版,1冊（？）,清 劉介廉 原註 楊德元 馬宏道 校閱,？,1922.12,？,CH,北京,清眞書報社,天理大學圖書館書庫,169.5//43(5),169.5//43(5),無,無,有 第20冊,乾隆5年（1740年）重刊木刻本,是,,,,
142,Tianfang Dianli,天方典禮 再版,1冊（？）,清 劉介廉 原註 楊德元 馬宏道 校閱,？,1922.12,？,CH,北京,清眞書報社,天理大學圖書館書庫,169.5//43(3),169.5//43(3),無,無,有 第20冊,乾隆5年（1740年）重刊木刻本,是,,,,
143,Tianfang Dianli,天方典禮 再版,1冊（？）,清 劉介廉 原註 楊德元 馬宏道 校閱,民國11年,1922.12,？,CH,北京,清眞書報社,天理大學圖書館書庫,169.5//43,169.5//43,無,無,有 第20冊,乾隆5年（1740年）重刊木刻本,是,,,,
144,Tianfang Dianli,天方典禮 再版,1冊（？）,清 劉介廉 原註 楊德元 馬宏道 校閱,？,1922.12,？,CH,北京,清眞書報社,天理大學圖書館書庫,169.5//43(2),169.5//43(2),無,無,有 第20冊,乾隆5年（1740年）重刊木刻本,是,,,,
145,Tianfang Dianli Zeyao Jie,天方典禮擇要解,1冊（？）,清 劉智,？,？,？,？,？,？,天理大學,169.5//43(4),無OPAC信息,有 第15冊,清康熙四十九年楊斐菉刻本,有 第20冊,乾隆5年（1740年）重刊木刻本,？,,,,
146,Tianfang Dianli Zeyao Jie,天方典禮擇要解,1冊（？）,清 劉智 註,民國13年,1924,？,CH,上海,中華書局,天理大學圖書館書庫,169.5//43(6),169.5//43(6),有 第15冊,清康熙四十九年楊斐菉刻本,有 第20冊,乾隆5年（1740年）重刊木刻本,否,,,,
147,Tianfang Dianli Zeyao Jie,天方典禮擇要解,1冊（？）,清 劉介廉 原著 張子文 增訂,康德4年,1937.7,？,CH,奉天,文化清眞寺,天理大學圖書館書庫,169.5//43(7),169.5//43(7),有 第15冊,清康熙四十九年楊斐菉刻本,有 第20冊,乾隆5年（1740年）重刊木刻本,否,,,,
148,Tianfang Dianli Zeyao Jie Gui Zheng Yi Jie,天方典禮擇要解20卷 坿歸正儀解1卷,1冊,劉智,民國11年,1922,？,CH,北京,清眞書報社,龍谷大學大宮·西黌B2閉架,369.5/BAF,369.5/BAF,有 第15冊,清康熙四十九年楊斐菉刻本,有 第20冊,乾隆5年（1740年）重刊木刻本,是,,,,
149,Tianfang Duan Meng Zhengjie,天方端蒙正解,1冊（？）,周明德 校,道光20年序,？,？,？,？,？,天理大學,169.5//305,無OPAC信息,類似？ 天方端蒙教門串語正解 第17冊,清道光二十年龍州馬氏刊刻本,有 第40冊,清木刻本 道光二十年歲次庚子春三月丁（？）榮光  同？,/,,,,
150,Tianfang Jiaodian Ge,天方教典歌,1冊（？）,？,民國4年,1925,？,CH,北京,清眞書報社,天理大學圖書館東館書庫5F,H169.5//211,H169.5//211,無,無,無,無,否,,,,
151,Tianfang Li Yuan,天方曆源,1冊（？）,馬佑齡,？,？,？,？,？,？,天理大學,169.5//287,無OPAC信息,有 第21冊,民國八年北京牛街清真西大寺萬金堂重刻本,有 第223冊,清石印本,？,,,,
152,Tianfang Nuzi Sizijing,天方女子四字經,1冊（？）,龍澤周,?,1927.2,？,CH,北京,清眞書報社,天理大學圖書館東館書庫5F,H169.5//277,H169.5//277,無,無,無,無,否,,,,
153,Tianfang Nuzi Sizijing,天方女子四字經,1冊（？）,龍澤周 著,民國16年,1927.2,？,CH,北京,清眞書報社,天理大學圖書館東館書庫5F,H169.5//277,H169.5//277,無,無,無,無,否,,,,
154,Tianfang Qiguan,天方奇觀,1冊（？）,李廷相 譯著,民國14年序,1925序,？,CH,南京,明德書社,天理大學圖書館書庫,169.5//275,169.5//275,無,無,有 第43冊,同,/,,,,
155,Tianfang Qiyi Quan Shan Lu,天方奇異勸善錄,1冊,？,？,？,？,？,北京,牛街萬善書局,大阪大學,舊分類：/940/47,無OPAC信息,有 第17冊,民國二十二年北平清真書報社刊印本,有 第43冊,民國二十二年（1933年）北平牛街清眞書報社鉛印本,？,,,,
156,Tianfang Qiyi Quan Shan Lu,天方奇異勸善錄,1冊（？）,李廷相 著,民國15年,1926.7,？,CH,北京,清眞書報社,天理大學圖書館東館書庫5F,H169.5//45,H169.5//45,有 第17冊,民國二十二年北平清真書報社刊印本,有 第43冊,民國二十二年（1933年）北平牛街清眞書報社鉛印本,否,,,,
157,Tianfang Qiyi Quan Shan Lu,天方奇異勸善錄,1冊（？）,李廷相 著,民國15年,1926.7,？,CH,北京,清眞書報社,天理大學圖書館東館書庫5F,H169.5//45(3),H169.5//45(3),有 第17冊,民國二十二年北平清真書報社刊印本,有 第43冊,民國二十二年（1933年）北平牛街清眞書報社鉛印本,否,,,,
158,Tianfang Qiyi Quan Shan Lu：Xinyi,天方奇異勸善錄：新譯,1冊（？）,李廷相 譯著 張作良 校批,民國15年,1919.7,？,CH,北京,萬全書局,天理大學圖書館書庫,169.5//45(2),169.5//45(2),無,無,？,？,？,,,,
159,Tianfang Sanzijing,天方三字經,1冊（？）,清 馬複初 註解 筠連汛王占超重刊,？,？,？,CH,？,？,龍谷大學大宮·西黌B1,354/164-W,354/164-W,無,無,有 第26冊,清 咸豐8年（1858年）馬復初續刊木刻本,？,,,,
160,Tianfang Sanzijing,天方三字經,1冊（？）,清 馬複初 註解 筠連汛王占超重刊,？,？,？,CH,？,？,龍谷大學大宮·西黌B2,024.73/366-W,024.73/366-W,無,無,有 第26冊,清 咸豐8年（1858年）馬復初續刊木刻本,？,,,,
161,Tianfang Sanzijing Zhujie,天方三字經註解,1冊,？,？,？,？,？,？,？,大阪大學,舊分類：/130/92,無OPAC信息,類似 第17冊 天方三字經註解淺說,清同治九年鎮江清真寺刊刻本,有 第30冊,清 同治9年（1870年）刻本 板存鎮江清真寺,？,,,,
162,Tianfang Sanzi You Yi,天方三字幼義,1冊（？）,清 劉智 著,？,1927.2,？,CH,北京,清眞書報社,天理大學圖書館東館書庫5F,H169.5//513,H169.5//513,合本 第17冊 天方三字經幼義附續天方三字經,清咸豐八年刊刻本,有 第26冊,清 木刻本,否,,,,
163,Tianfang Sanzi You Yi,天方三字幼義,1冊（？）,清 劉智 著,民国16年,1927.2,？,CH,北京,清眞書報社,天理大學圖書館東館書庫5F,H169.5//225,H169.5//225,合本 第17冊 天方三字經幼義附續天方三字經,清咸豐八年刊刻本,有 第26冊,清 木刻本,否,,,,
164,Tianfang Shijing,天方詩經,3冊,清 馬安禮 譯,光緒16年,1892,？,？,？,提督軍門馬如龍雲峯氏,大阪大學外國圖1層書庫和古書,舊分類：380C/121,C380||121,有 第14冊,同,有 第33冊,同,/,,,,
165,Tianfang Sizijing,天方四字經,1冊（？）,清 馬安禮,同治4年,1925,？,CH,北京,清眞書報社,天理大學圖書館東館書庫5F,H169.5//377,H169.5//377,有 第17冊,清光緒二十三年成都敬畏堂周明德校刊本,無,無,否,,,,
166,Tianfang Sizijing,天方四字經,1冊（？）,清 馬安禮,？,1925,？,CH,北京,清眞書報社,天理大學圖書館東館書庫5F,H169.5//519,H169.5//519,有 第17冊,清光緒二十三年成都敬畏堂周明德校刊本,無,無,否,,,,
167,Tianfang Sizijing,天方四字經,1冊（？）,清 馬安禮,光緒23年,？,？,？,成都,周明德,天理大學,169.5//377(2),無OPAC信息,有 第17冊,同？ 清光緒二十三年成都敬畏堂周明德校刊本,無,無,否,,,,
168,Tianfang Wei Zhen Yaolue,天方衛眞要略,1冊（？）,清 馬君實,光緒18年,？,？,？,？,？,天理大學,169.5//55,無OPAC信息,無,無,有 第15冊,同,,,,,
169,Tianfang Xing Li,天方性理,1冊,劉智 撰 「重印天方性理序」馬福祥,民國11年,1922,？,CH,北京,清眞書報社,龍谷大學大宮·西黌B2閉架,369.5/BAF,369.5/BAF,有 第17冊,清同治十年錦城寶真堂藏版重印本 劉智撰,有 第24～25冊,清 同治辛未年（1871年）錦城寶眞堂木刻本；民國12年（1923年）鉛印本,否,,,,
170,Tianfang Xing Li,天方性理,1冊,清 劉介廉 原註 楊德元 馬宏道 校閱,民國11年,1905.7,？,CH,北京,清眞書報社,天理大學圖書館書庫,169.5//47,169.5//47,有 第17冊,清同治十年錦城寶真堂藏版重印本 劉智撰,有 第24～25冊,清 同治辛未年（1871年）錦城寶眞堂木刻本；民國12年（1923年）鉛印本,否,,,,
171,Tianfang Xing Li,天方性理,1冊,清 劉介廉 原註 楊德元 馬宏道 校閱,？,1905.7,？,CH,北京,清眞書報社,天理大學圖書館書庫,169.5//47(5),169.5//47(5),有 第17冊,清同治十年錦城寶真堂藏版重印本 劉智撰,有 第24～25冊,清 同治辛未年（1871年）錦城寶眞堂木刻本；民國12年（1923年）鉛印本,否,,,,
172,Tianfang Xing Li,天方性理,1冊,清 劉介廉 原註 楊德元 馬宏道 校閱,？,1905.7,？,CH,北京,清眞書報社,天理大學圖書館書庫,169.5//47(2),169.5//47(2),有 第17冊,清同治十年錦城寶真堂藏版重印本 劉智撰,有 第24～25冊,清 同治辛未年（1871年）錦城寶眞堂木刻本；民國12年（1923年）鉛印本,否,,,,
173,Tianfang Xing Li,天方性理,1冊,清 劉介廉 原註 楊德元 馬宏道 校閱,？,1905.7,？,CH,北京,清眞書報社,天理大學圖書館書庫,169.5//47(6),169.5//47(6),有 第17冊,清同治十年錦城寶真堂藏版重印本 劉智撰,有 第24～25冊,清 同治辛未年（1871年）錦城寶眞堂木刻本；民國12年（1923年）鉛印本,否,,,,
174,Tianfang Xing Li,天方性理,1冊,清 劉智,民國13年,？,？,？,上海,中華書局,天理大學,169.5//47(4),無OPAC信息,有 第17冊,清同治十年錦城寶真堂藏版重印本 劉智撰,有 第24～25冊,清 同治辛未年（1871年）錦城寶眞堂木刻本；民國12年（1923年）鉛印本,否,,,,
175,Tianfang Xing Li,天方性理 重刊,6冊,清 劉智,乾隆25年,？,？,？,京江,談氏,天理大學,169.5//47(3),無OPAC信息,有 第17冊,清同治十年錦城寶真堂藏版重印本 劉智撰,有 第24～25冊,清 同治辛未年（1871年）錦城寶眞堂木刻本；民國12年（1923年）鉛印本,否,,,,
176,Tianfang Zhengxue,天方正學,1冊,清 藍煦甫？藍煦？ 原註 馬明道 校閱,民國14年,1925.1,？,CH,北京,清眞書報社,天理大學圖書館書庫,169.5//41,169.5//41,有 第17冊,同,有 第35冊,同,/,,,,
177,Tianfang Zhengxue,天方正學,1冊,清 藍煦甫？藍煦？ 原註 馬明道 校閱,？,1925.1,？,CH,北京,清眞書報社,天理大學圖書館書庫,169.5//41(2),169.5//41(2),有 第17冊,同,有 第35冊,同,/,,,,
178,Tianfang Zhengxue,天方正學,1冊,清 藍煦甫？藍煦？ 原註 馬明道 校閱,？,1925.1,？,CH,北京,清眞書報社,天理大學圖書館書庫,169.5//41(3),169.5//41(3),有 第17冊,同,有 第35冊,同,/,,,,
179,Tianfang Zhisheng Shilu,天方至聖實錄,1冊,清 劉智 著,民國13年,1924.8,？,CH,？,馬福祥,天理大學圖書館書庫,169.5//273,169.5//273,無,無,有 第21～23冊,清 木刻本 同治壬申年孟春 錦城寶眞堂重鑄,否,,,,
180,Tianfang Zhisheng Shilu Zhisheng Shilu Nianpu,天方至聖實錄卷首1-20 外題：至聖實錄年譜,10冊,清 劉一齋 著,光緒元年,1875,？,CH,京口（鎮江）,京口清眞寺,天理大學圖書館東館書庫5F,H169.5//441,H169.5//441,有 第14冊,清同治半年錦城寶眞堂重印本,有 第21～23冊,清 木刻本 同治壬申年孟春 錦城寶眞堂重鑄,否,,,,
181,Tianfang Zhisheng Shilu Nianpu,天方至聖實錄年譜20卷首1卷,10冊,劉智（劉介廉） 撰,同治11年,1872,？,CH,錦城（成都？）,錦城寳眞堂,龍谷大學大宮·西黌B1,369.5/54-W/,369.5/54-W/,有 第14冊,劉智編譯 清同治八年錦城寶真堂重印本,有 第21～23冊,清 木刻本 同治壬申年孟春 錦城寶眞堂重鑄,否,,,,
182,Tianfang Zimu Jie Yi,天方字母解義,1冊,金陵劉介廉先生甫書 成都敬畏堂周氏藏版,光緒20年重鐫,1986,？,？,？,？,大阪大學,舊分類：/320/140,無OPAC信息,有 第17冊,清同治二年鎮江西關外藏版刻本,有 第25冊,同,/,,,,
183,Tianjing Yijie,天經譯解,1冊（？）,李廷相 譯註,民國13年,1924.8,？,CH,北京,清眞書報社,天理大學圖書館書庫,169.5//261,169.5//261,無,無,有 第11冊,同,/,,,,
184,Wan Hua Zhengzong,萬化正宗,1冊（？）,民國 劉綮存 譯編,民國12年,1923,？,CH,天津,光明書社,天理大學圖書館東館書庫5F,H169.5//75,H169.5//75,無,無,有 第43冊,同,/,,,,
185,Wan Hua Zhengzong,萬化正宗,1冊（？）,民國 劉綮存 譯編,？,1923,？,CH,天津,光明書社,天理大學圖書館東館書庫5F,H169.5//75(2),H169.5//75(2),無,無,有 第43冊,同,/,,,,
186,Wang Xiang Tiantang,望想天堂,1冊（？）,？,民國17年,1928.4,？,CH,北京,清眞書報社,天理大學圖書館東館書庫5F,H169.5//367,H169.5//367,無,無,有 第48冊,民國十三年（1924年）北京牛街清真書報社石印本,否,,,,
187,Wugong Shiyi,五功釋義,1冊,？,民國9年,？,？,CH,北京,牛街,大阪大學,舊分類：/130/88,無OPAC信息,有 第15冊,劉智撰 民國八年鉛印本,有 第25冊,清 木刻本；民國15年（1926）年馬福祥重刊鉛印本,否,,,,
188,Wugong Shiyi,五功釋義,1冊（？）,清 劉智 著,民國13年,1924.4,？,CH,北京,清眞書報社,天理大學圖書館東館書庫5F,H169.5//61,H169.5//61,有 第15冊,劉智撰 民國八年鉛印本,有 第25冊,清 木刻本；民國15年（1926）年馬福祥重刊鉛印本,否,,,,
189,Wugong Shiyi,五功釋義,1冊（？）,清 劉智 著,民國13年,1924.4,？,CH,北京,清眞書報社,天理大學圖書館東館書庫5F,H169.5//61(2),H169.5//61(2),有 第15冊,劉智撰 民國八年鉛印本,有 第25冊,清 木刻本；民國15年（1926）年馬福祥重刊鉛印本,否,,,,
190,Wugong Zonggang：Jing Han Zaxue,五功總綱：經漢雜學,1冊（？）,王瑞堂 翻譯 馬貽貴 校對,民國15年,1926.3,？,CH,上海,安正保？,天理大學圖書館書庫,169.5//59,169.5//59,無,無,有 第39冊,民國鉛印本,？,,,,
191,Xilai Zongpu,西來宗譜,1冊（？）,清 馬啓榮 著,民國7年,1918,？,CH,錦江,楊德誠印刷所,天理大學圖書館東館書庫5F,H169.5//371,H169.5//371,無,無,有 第35冊,清 光緒八年（1882年）木刻本,否,,,,
192,Xi Zhen Zheng Da,希眞正答,1冊（？）,明 眞回老人（王岱舆）著 馬福祥（？）,民國24年,1925,？,CH,？,？,天理大學圖書館書庫,169.5//343,169.5//343,有 第16冊,清道光五年清真堂版重刊本,有 第14冊,清 清眞堂木刻本,？,,,,
193,Xianyangwang Fu Dian Ji,咸陽王撫滇績,1冊（？）,清 劉發祥,光緒3年,？,？,？,滇省,寶訓堂,天理大學,169.5//333,無OPAC信息,無,無,有 第116冊,清 鉛印本 板存滇省南門內清真寺 ,？,,,,
194,Xiaoxue Jiaodian Keben,小學教典課本,1冊,京師公立第二十小學校編輯,民國15年,1926,？,CH,天津,西馬路清眞南寺前,龍谷大學大宮·西黌B1禁帶,358/8-W,358/8-W,無,無,有 第55冊,民國鉛印本,？,,,,
195,Xiaoxue Jiaodian Keben,小學教典課本,1冊,京師公立第二十小學校編輯,民國15年,1926,？,CH,天津,西馬路清眞南寺前,龍谷大學大宮·西黌B2禁帶,024.73/360-W,024.73/360-W,無,無,有 第55冊,民國鉛印本,？,,,,
196,Xiaoxue Jiaodian Keben,小學教典課本,1冊,京師公立第二十小學校編輯,民國15年,1926,？,CH,天津,西馬路清眞南寺前,龍谷大學大宮·西黌B2禁帶,024.73/361-W,024.73/361-W,無,無,有 第55冊,民國鉛印本,？,,,,
197,Xinyi Dulou Tan,新譯髑髏嘆,1冊（？）,李廷相 譯著,民國15年,1926,？,CH,南京,明德書社,天理大學圖書館東館書庫5F,H169.5//301,H169.5//301,無,無,有 第43冊,同,/,,,,
198,Xinyi Tianfang Dahua Lishi,新譯天方大化歷史,2冊,李廷相 譯著,？,1919.11,？,？,北京,牛街萬全書局,大阪大學外國圖1層書庫漢籍,舊分類：/210/194,Q210||194|,無,無,無,無,否,,,,
199,Xinyi Tianfang Dahua Lishi,新譯天方大化歷史,1冊（合訂本）,李廷相 譯著,？,1919.11,？,？,北京,牛街萬全書局,大阪大學外國圖1層書庫舊分類,無信息,Q210||324||合訂本,無,無,無,無,否,,,,
200,Xinyi Tianfang Dahua Lishi,新譯天方大化歷史,2冊,李廷相 譯著,民國8年,1919.11,？,CH,北京,萬全書局,天理大學圖書館書庫,169.5//7,169.5//7,無,無,無,無,否,,,,
201,Xinyuan Liu Zhen,信源六箴,1冊（？）,清 馬復初,同治4年,？,？,？,？,？,天理大學,169.5//247,無OPAC信息,無,無,無,無,否,,,,
202,Xing Hui Pian Zhaiyao,醒回篇摘要,1冊（？）,？,民國14年,1925,？,CH,北京,清眞書報社,天理大學圖書館東館書庫5F,H169.5//393,H169.5//393,無,無,有 第116冊,同,/,,,,
203,Xing Shi Guizhen,醒世歸眞,1冊（？）,？,民國15年,1926.1,？,CH,北京,清眞書報社,天理大學圖書館書庫,169.5//395,169.5//395,有 第19冊,同,有 第48冊,同,/,,,,
204,Xingshi Zhen Tianli Mingyun Shuo,醒世箴 附天理命運說,1冊（？）,清 馬復初,同治2年,？,？,？,？,？,天理大學,169.5//207,無OPAC信息,有 第17冊,同治十三年錦江吉安堂重刊本,有 第32冊,清 同治年間（1862～1874）錦江吉安堂重刊本,？,,,,
205,Xingli Benjing Zhushi,性理本經註釋（重刊）,1冊（？）,清 黑鳴鳳,光緒1年（元年）,？,？,？,廣邑,馬思芳瀛洲,天理大學,169.5//263,無OPAC信息,有 第17冊,清光緒元年重刊本 黑右軍撰 同？,有 第34冊,同,/,,,,
206,Xingming Zongzhi,性命宗旨,1冊（？）,清 馬復初；清 馬安禮 編,光緒24年,？,？,？,成都,周明德,天理大學,169.5//67,無OPAC信息,無,無,有 第32冊,同,/,,,,
207,Xiu Zhen Men yin,修眞蒙引,1冊,伍子先？ 伍子？,民國10年,1921,？,CH,北京,清眞書報社,天理大學圖書館東館書庫5F,H169.5//29,H169.5//29,有 第15冊,同,有 第30冊,同,/,,,,
208,Xiu Zhen Men yin,修眞蒙引,1冊,伍子？,民國10年,1921,？,CH,北京,清眞書報社,天理大學圖書館東館書庫5F,H169.5//29(2),H169.5//29(2),有 第15冊,同,有 第30冊,同,/,,,,
209,Xiu Zhen Mengyin,修眞蒙引,1冊,？,？,？,？,？,？,？,大阪大學,舊分類：/130/71,無OPAC信息,有 第15冊,？,有 第30冊,同天理大學H169.5//29 H169.5//29(2),？,,,,
210,Xuanyi Xiangjie Wei Ga Ye,選譯詳解偉嘎業,1冊（？）,王靜齋 譯,民國24年,19335.9序,？,CH,？,？,天理大學圖書館書庫,169.5//401,169.5//401,有 第15冊,民國二十年天津伊光報社鉛印本 王靜齋編譯,有 第6冊,民國二十年（1931年）7月天津伊光報社發行鉛印本,否,,,,
211,Xun Yue Zhinan,尋月指南,1冊,丁子瑜 著,民國20年,1931.12,？,CH,北平,清眞書報社,天理大學圖書館書庫,169.5//227,169.5//227,無,無,有 第224冊,同,/,,,,
212,Ya Hanwen Qingzhenyan,亞漢文清眞言,1冊（？）,？,民國19年,1930.1,？,CH；AR,北平,清眞書報社,天理大學圖書館東館書庫5F,H169.5//19(2),H169.5//19(3),無,無,無,無,否,,,,
213,Ya Hanwen Qingzhenyan,亞漢文清眞言,1冊（？）,？,民國16年,1927.2,？,CH；AR,北京,清眞書報社,天理大學圖書館書庫,169.5//19,169.5//20,無,無,無,無,否,,,,
214,Yisilanjiao De Renshi,伊斯蘭教的認識,1冊（？）,周仲仁？ 周仲二？ 譯著 馬自成 趙振武 審訂,民國23年,1934,？,CH,北平,北平成達師範出版部,天理大學圖書館書庫,169.5//357,169.5//357,無,無,無,無,否,,,,
215,Yisilanjiao Gailun,伊斯蘭教概論,1冊（？）,馬鄰翼,民國27年,1938弁言,？,CH,？,？,天理大學圖書館書庫,169.5//359,169.5//359,有 第23冊,民國二十五年商務印書館刊本,有 第41冊,民國三十六年（1947年）商務印書館鉛印本,否,,,,
216,Yisilanjiao Gailun,伊斯蘭教概論,1冊（？）,馬鄰翼,民國23年,1934.1,？,CH,上海,商務印書館,天理大學圖書館書庫,082//55//231,082//55//231,有 第23冊,民國二十五年商務印書館刊本,有 第41冊,民國三十六年（1947年）商務印書館鉛印本,是,,,,
217,Yisilanjiao Gailun,伊斯蘭教概論,1冊（？）,馬鄰翼,民國22年,1933.12,？,CH,上海,商務印書館,天理大學圖書館書庫,082//169//110,082//169//110,有 第23冊,民國二十五年商務印書館刊本,有 第41冊,民國三十六年（1947年）商務印書館鉛印本,否,,,,
218,Yisilan Rumen,伊斯蘭入門,1冊（？）,唐易塵 選著 王敬一 張馥庭 校正,民國25年,1936.9,？,CH；AR,北平,北平震宗報出版部,天理大學圖書館書庫,169.5//243,169.5//243,無,無,無,無,否,,,,
219,Yisilan Xinyang Xinyang Yizhu,伊斯蘭信仰 合訂 信仰遺囑,1冊（？）,阿佈哈府最 編 許兆文譯 阿苒哈宜法 許兆文譯,民國16年,1927.12,？,CH,滇省,同文學校,天理大學圖書館書庫,169.5//33,169.5//33,無,無,無,無,否,,,,
220,Zhendao Su Yuan,真道溯源,1冊（？）,？,民國14年,1925,？,CH,北京,清眞書報社,天理大學圖書館東館書庫5F,H169.5//391,H169.5//391,無,無,有 第45册,同,/,,,,
221,Zhen Quan Yaolu,真詮要錄（上下）,2冊,王岱舆 著,同治3年,？,？,？,雲南,馬如龍,天理大學,169.5//81,無OPAC信息,無,無,有 第15冊,同？ 同治甲子年（1864年）馬如龍刻本,？,,,,
222,Zhen Gong Fa Wei,眞功發微,2冊,？,光緒19年,？,？,CH；AR,鎮江,鎮江清眞寺,大阪大學,舊分類：/130/94,無OPAC信息,有 第15冊,清光緒十年錦城寶真堂重印本 余浩洲撰,有 第28冊,乾隆年間木刻本 歲在癸醜菊月九日石城後學 袁國秨景初氏,否,,,,
223,Zhen Gong Fa Wei,眞功發微,2冊,清 劉智,咸豐7年,？,？,？,？,叢善堂,天理大學,169.5//63(3),無OPAC信息,有 第15冊,清光緒十年錦城寶真堂重印本 余浩洲撰,有 第28冊,乾隆年間木刻本 歲在癸醜菊月九日石城後學 袁國秨景初氏,否,,,,
224,Zhen Gong Fa Wei,眞功發微,2冊,清 劉智,光緒19年,？,？,？,？,？,天理大學,169.5//63,無OPAC信息,有 第15冊,清光緒十年錦城寶真堂重印本 余浩洲撰,有 第28冊,乾隆年間木刻本 歲在癸醜菊月九日石城後學 袁國秨景初氏,否,,,,
225,Zhen Gong Fa Wei,眞功發微 重版 卷卷下,1冊（？）,清 余浩洲 著,？,1940,？,CH,北京,清眞書報社,天理大學,H169.5//443//下,H169.5//443//下,有 第15冊,清光緒十年錦城寶真堂重印本 余浩洲撰,有 第28冊,乾隆年間木刻本 歲在癸醜菊月九日石城後學 袁國秨景初氏,否,,,,
226,Zhen Gong Fa Wei,眞功發微 重版 卷上,1冊（？）,清 余浩洲 著,？,1940,？,CH,北京,清眞書報社,天理大學,H169.5//443//上,H169.5//443//上,有 第15冊,清光緒十年錦城寶真堂重印本 余浩洲撰,有 第28冊,乾隆年間木刻本 歲在癸醜菊月九日石城後學 袁國秨景初氏,否,,,,
227,Zhengjiao Zhenquan,正教眞詮,5冊,？,？,？,？,？,？,？,大阪大學,舊分類：/130/79,無OPAC信息,有 第16冊,同天理大學169.5//83(2) 169.5//83(3)；民國二十年中華書局刊本,有 第13～14冊,同天理大學169.5//83(2)與169.5//83(3),/,,,,
228,Zhengjiao Zhenquan,正教眞詮,1冊（？）,明 眞回老人（王岱舆）著 劉介廉 原註 楊德元 馬宏道 校閱,民國11年,1922.12,？,CH,北京,清眞書報社,天理大學圖書館書庫,169.5//83,169.5//83,有 第16冊,同天理大學169.5//83(2) 169.5//83(3)；民國二十年中華書局刊本,有 第13～14冊,同天理大學169.5//83(2)與169.5//83(3),/,,,,
229,Zhengjiao Zhenquan,正教眞詮,5冊,眞回老人（王岱舆） 著,同治12年,？,？,？,錦城,寶真堂,天理大學,169.5//83(2),無OPAC信息,有 第16冊,同；民國二十年中華書局刊本,有 第13～14冊,同,/,,,,
230,Zhengjiao Zhenquan,正教眞詮,5冊,眞回老人（王岱舆） 著,同治12年,？,？,？,錦城,寶真堂,天理大學,169.5//83(3),無OPAC信息,有 第16冊,同；民國二十年中華書局刊本,有 第13～14冊,同,/,,,,
231,Zhengjiao Zhenquan,正教眞詮（抄本）,4冊,明 真囬老人（王岱舆）著 天壌逋民 閲,清末期,？,？,CH,？,？,天理大學圖書館東館書庫5F,H169.5//タ3,H169.5//タ3,有 第16冊,同天理大學169.5//83(2) 169.5//83(3)；民國二十年中華書局刊本,有 第13～14冊,同天理大學169.5//83(2)與169.5//83(3),/,,,,
232,Zhi Mi Kao Zheng,指迷考證,1冊,馬眉斬、馬退山 編著；馬光道 校正,民國11年,1922.7,？,CH,北京,清眞書報社,大阪大學外國圖1層書庫漢籍,舊分類：/130/68,Q130||68,有 第18冊,同,無,無,否,,,,
233,Zhi Mi Kao Zheng,指迷考證,1冊（？）,馬眉斬 馬退山 共著；馬光道 校,民國11年,1922.7,？,CH,北京,清眞書報社,天理大學圖書館書庫,169.5//39,169.5//39,有 第18冊,同,無,無,否,,,,
234,Zhinan Yaoyan,指南要言,4冊,清 馬注,同治13年,？,？,？,雲南,馬氏,天理大學,169.5//53,無OPAC信息,無,無,有 第19冊,清 同治甲子年（1864年）,否,,,,
235,Zhisheng Baoxun,至聖寶訓,1冊,？,光緒19年,？,？,CH,鎮江,鎮江清眞寺,大阪大學,舊分類：/130/96,無OPAC信息,有 第14冊 附認己省悟,同？,有 第41冊,同,/,,,,
236,Zhisheng Xianzhi Yanxinglu,至聖先知言行錄,1冊（？）,桂乍加麼屋甸 著 周沛華 湯偉烈 譯 優努士卑亞罕默德麼希甸 編纂,？,1926.2序 1928,？,CH,香港,Mohideen,天理大學圖書館書庫,169.5//267,169.5//267,無,無,無,無,否,,,,
237,Zhongguo Huijiao Jian,中國回教鑑,1冊,馬以愚 著,民國30年,1941.3,？,CH,長沙,商務印書館,天理大學圖書館書庫,169.5//171,169.5//171,有 第24冊,民國二十九年商務印書館刊本,無,無,否,,,,
238,Zhongguo Huijiao Jian,中國回教鑑,1冊,馬以愚 著,民國30年,1941.3,？,CH,長沙,商務印書館,天理大學圖書館書庫,169.5//171(2),169.5//171(2),有 第24冊,民國二十九年商務印書館刊本,無,無,否,,,,
239,Zhongguo Huijiao Shi,中國回教史,1冊（？）,傅統先,民國29年,1940.7,？,CH,上海 長沙,商務印書館,天理大學圖書館書庫,169.5//191,169.5//191,有 第24冊,民國二十六年商務印書館印本,有 第138冊,同,/,,,,
240,Zhongguo Huijiao Shi,中國回教史,1冊（？）,傅統先,？,1940.7,？,CH,長沙,商務印書館,天理大學圖書館書庫,169.5//191(2),169.5//191(2),有 第24冊,民國二十六年商務印書館印本,有 第138冊,同,/,,,,
241,Zhu Tian Dazan Jijie,祝天大贊集解,1冊（？）,清 馬復初 譯 阿日孚補,光緒4年序,？,？,？,成都,敬畏堂,天理大學,169.5//31,無OPAC信息,有 第17冊,同,有 第33冊,光緒三年？（1877年）成都敬畏堂刻本,？,,,,
242,Zhu Tian Dazan Zhenjing,祝天大讚眞經,1冊,？,同治2年,？,？,CH,？,？,大阪大學,舊分類：/130/76,無OPAC信息,合本 祝天大讚真經附至聖讚、五月更 第17本,清同治二年石刻本,有 第51冊,北京清眞書報社重刊石印本（同治二年版）,是,,,,
243,Zifa Quanshi (Tianfang Shihai Tianfang Shifa),字法全詩（內容：天方詩海 卷1 天方詩法）,1冊（？）,清 馬復初；馬德新 編,同治3年,？,？,？,？,？,天理大學,169.5//319,無OPAC信息,無,無,無,無,否,,,,
244,Zongjiao Zhengji,宗教正基,1冊,李文瀾、張希眞 著,民國8年,1919.1,？,CH,天津 北京,萬全書局,大阪大學外國圖1層書庫漢籍,舊分類：/130/89,Q130||89,無,無,有 第41冊,同,/,,,,
245,Zongjiao Zhengji,宗教正基,1冊（？）,李文瀾 張希眞 著,民國8年,1919.1,？,CH,北京,萬全書局,天理大學圖書館東館書庫5F,H169.5//197,H169.5//197,無,無,有 第41冊,同,/,,,,
246,Zuodao Tongxiao,左道通曉,1冊（？）,清 馬注,？,？,？,？,？,？,天理大學,169.5//309,無OPAC信息,無,無,無,無,否,,,,